{
	"id": "c4c920d9-eca2-bcd7-6ad7-285556c577c9",
	"name": "ELASTIC SEARCH API temp",
	"description": "",
	"order": [
		"b37eb178-4eac-e356-a391-41d7087d3565",
		"ff953532-addd-52ec-d040-8444486d2532",
		"b9159693-f81d-1fc9-80d2-e11feb9184f0",
		"a4398b3c-a076-d7d6-0646-a52f75f690bb",
		"70dbadea-a78d-752f-2b3c-2fa1dd607872",
		"640fbd36-3c3a-dcda-793e-15579d4e16b3",
		"f98db2e6-d421-f1c0-4a3c-fa308098e3bf",
		"cff7091b-db76-6447-41b4-ec591df75952",
		"cd433fc7-fa74-007a-edf5-6eaeb31f064e"
	],
	"folders": [],
	"timestamp": 1482909145213,
	"owner": "121591",
	"public": false,
	"requests": [
		{
			"id": "640fbd36-3c3a-dcda-793e-15579d4e16b3",
			"headers": "Content-Type: application/json\n",
			"url": "localhost:1338/elastic/search",
			"preRequestScript": null,
			"pathVariables": {},
			"method": "POST",
			"data": [],
			"dataMode": "raw",
			"version": 2,
			"tests": null,
			"currentHelper": "normal",
			"helperAttributes": {},
			"time": 1485165455469,
			"name": "[5] Search index for a value",
			"description": "**Explaination**\n\nThe actual search query starts from the `payload` field of request parameter.\n\n> The Query does the following in respective order\n\n1. `from`,`size`: Total no of results epected *\"from\"* index (useful for pagination) \n2. `query`: The actual query string containing all conditions and logic implemented\n3. `bool`: It is used to check condition. In case of finding course we need to check if a particular course is **published**\n4. `bool.must`: Following *\"term\"* must be matched\n5. `bool.should`: Following condition should be satisfied\n6. **`multi_match.query`**: **THE search string**\n7. `multi_match.fields`: Set of fields to be searched from each documents. `field^nummber` is priority, bigger the number - higher the priority of search.\n8. `operator`: Can be *\"and\"* or *\"or\"* ",
			"collectionId": "c4c920d9-eca2-bcd7-6ad7-285556c577c9",
			"responses": [],
			"rawModeData": "{\n\t\"index_name\": \"courses\",\n\t\"type\": \"document\",\n\t\"payload\":{\n\t\t\"from\":0,\n\t\t\"size\":10000,\n\t\t\"query\": {\n\t\t\t\"bool\": {\n\t\t\t\t\"must\": {\n\t\t\t\t\t \"term\": {\"status\": \"published\"}\n\t\t\t\t},\n\t\t\t\t\"should\":{\n\t\t\t\t\t \"multi_match\" : {\n\t\t\t\t      \"query\" : \"SEO\",\n\t\t\t\t      \"fields\" : [ \"title^5\", \"tags^4\", \"categories.name^3\", \"geos.location^2\", \"geos.institute_name\" ],\n\t\t\t\t      \"operator\": \"and\"\n\t\t\t\t    }\n\t\t\t\t}\n\t\t\t}\n\t\t}\n\t}\n}"
		},
		{
			"id": "70dbadea-a78d-752f-2b3c-2fa1dd607872",
			"headers": "Content-Type: application/json\n",
			"url": "localhost:1338/elastic/add",
			"preRequestScript": null,
			"pathVariables": {},
			"method": "POST",
			"data": [],
			"dataMode": "raw",
			"version": 2,
			"tests": null,
			"currentHelper": "normal",
			"helperAttributes": {},
			"time": 1485151094614,
			"name": "[4] Add data to index",
			"description": "",
			"collectionId": "c4c920d9-eca2-bcd7-6ad7-285556c577c9",
			"responses": [],
			"rawModeData": "{\n\t\"index_name\":\"courses\",\n\t\"_id\":1234567,\n\t\"type\": \"document\",\n\t\"payload\":{\n\t\t\"title\": \"Digital marketing\",\n\t    \"tags\": \"taga, tag-1b, tag3, tag4\",\n\t    \"categories\":[\"Online\", \"Marketing\"],\n\t    \"price\": \"12000\",\n\t    \"level\": \"Beginner\",\n\t    \"badges\":[\"Popular\", \"Normal\"]\n\t}\n}"
		},
		{
			"id": "a4398b3c-a076-d7d6-0646-a52f75f690bb",
			"headers": "Content-Type: application/json\n",
			"url": "localhost:1338/elastic/index/mapping",
			"preRequestScript": null,
			"pathVariables": {},
			"method": "POST",
			"data": [],
			"dataMode": "raw",
			"tests": null,
			"currentHelper": "normal",
			"helperAttributes": {},
			"time": 1484552102854,
			"name": "[3] (optional) Map/Define created index",
			"description": "Basically defining what are the data-attributes(+ datatypes) were going to add/save in this index",
			"collectionId": "c4c920d9-eca2-bcd7-6ad7-285556c577c9",
			"responses": [],
			"rawModeData": "{\n\t\"index_name\":\"lorem_ipsum\",\n\t\"payload\": {\n\t\t\"properties\": {\n\t        \"title\": {\"type\": \"string\"},\n\t        \"description\": {\"type\": \"string\"},\n\t        \"tags\": {\"type\": \"string\"},\n\t        \"suggest\":{\n\t        \t\"type\": \"completion\",\n\t            \"analyzer\": \"simple\",\n\t            \"search_analyzer\": \"simple\"\n\t        }\n\t    }\n\t}\n}\n"
		},
		{
			"id": "b37eb178-4eac-e356-a391-41d7087d3565",
			"headers": "",
			"url": "localhost:1338/elastic/ping",
			"pathVariables": {},
			"preRequestScript": null,
			"method": "GET",
			"collectionId": "c4c920d9-eca2-bcd7-6ad7-285556c577c9",
			"data": null,
			"dataMode": "params",
			"name": "Ping Elastic search",
			"description": "URL: **localhost:1338/elastic/ping**",
			"descriptionFormat": "html",
			"time": 1482909145213,
			"version": 2,
			"responses": [],
			"tests": null,
			"currentHelper": "normal",
			"helperAttributes": {}
		},
		{
			"id": "b9159693-f81d-1fc9-80d2-e11feb9184f0",
			"headers": "Content-Type: application/json\n",
			"url": "localhost:1338/elastic/index/check",
			"preRequestScript": null,
			"pathVariables": {},
			"method": "POST",
			"data": [],
			"dataMode": "raw",
			"version": 2,
			"tests": null,
			"currentHelper": "normal",
			"helperAttributes": {},
			"time": 1485151097968,
			"name": "[2] Check if index exists",
			"description": "",
			"collectionId": "c4c920d9-eca2-bcd7-6ad7-285556c577c9",
			"responses": [],
			"rawModeData": "{\n\t\"index_name\":\"courses\"\n}"
		},
		{
			"id": "cd433fc7-fa74-007a-edf5-6eaeb31f064e",
			"headers": "Content-Type: application/json\n",
			"url": "localhost:1338/elastic/delete-document",
			"preRequestScript": null,
			"pathVariables": {},
			"method": "DELETE",
			"data": [],
			"dataMode": "raw",
			"tests": null,
			"currentHelper": "normal",
			"helperAttributes": {},
			"time": 1484818241230,
			"name": "[Danger] Delete a document from an index",
			"description": "URL: `localhost:1338/elastic/delete-document`",
			"collectionId": "c4c920d9-eca2-bcd7-6ad7-285556c577c9",
			"responses": [],
			"rawModeData": "{\n\t\"index_name\":\"lorem_ipsum\",\n\t\"_id\":1234567,\n\t\"type\": \"document\"\n}"
		},
		{
			"id": "cff7091b-db76-6447-41b4-ec591df75952",
			"headers": "",
			"url": "localhost:1338/elastic/delete_all",
			"pathVariables": {},
			"preRequestScript": null,
			"method": "GET",
			"collectionId": "c4c920d9-eca2-bcd7-6ad7-285556c577c9",
			"data": null,
			"dataMode": "params",
			"name": "[Danger] Delete all indexes created",
			"description": "",
			"descriptionFormat": "html",
			"time": 1482919090248,
			"version": 2,
			"responses": [],
			"tests": null,
			"currentHelper": "normal",
			"helperAttributes": {}
		},
		{
			"id": "f98db2e6-d421-f1c0-4a3c-fa308098e3bf",
			"headers": "Content-Type: application/json\n",
			"url": "localhost:1338/elastic/update",
			"preRequestScript": null,
			"pathVariables": {},
			"method": "PUT",
			"data": [],
			"dataMode": "raw",
			"tests": null,
			"currentHelper": "normal",
			"helperAttributes": {},
			"time": 1484817827329,
			"name": "[6] Update a document",
			"description": "URL: \"localhost:1338/elastic/update\"\n\nIndex `payload` can contain:\n\n1. Either **partial** document, which will be merged with the existing document \n2. Or **script** which will update the document.\n\n**Refer ES 5.0 Docs**: *https://www.elastic.co/guide/en/elasticsearch/client/javascript-api/current/api-reference.html#api-update*\n\n**Please note**\n\nWhen using **partial** the update should be put in `doc` key. Example: \"doc\":{\"title\": \"Something\"} as `payload` value of the request.\n\n\n\n",
			"collectionId": "c4c920d9-eca2-bcd7-6ad7-285556c577c9",
			"responses": [],
			"rawModeData": "{\n\t\"index_name\":\"lorem_ipsum\",\n\t\"_id\":1234567,\n\t\"type\": \"document\",\n\t\"payload\":{\n\t\t\"doc\": {\n\t      \"title\": \"Rangoon\"\n\t    }\n\t}\n}"
		},
		{
			"id": "ff953532-addd-52ec-d040-8444486d2532",
			"headers": "Content-Type: application/json\n",
			"url": "localhost:1338/elastic/index/init",
			"preRequestScript": null,
			"pathVariables": {},
			"method": "POST",
			"data": [],
			"dataMode": "raw",
			"tests": null,
			"currentHelper": "normal",
			"helperAttributes": {},
			"time": 1485151101241,
			"name": "[1] Create an Index",
			"description": "must be in lowercase",
			"collectionId": "c4c920d9-eca2-bcd7-6ad7-285556c577c9",
			"responses": [],
			"rawModeData": "{\n\t\"index_name\":\"courses\"\n}"
		}
	]
}